name,stop,synonymous,nonsynonymous
2B06-50ug,1.0167061677854421e-05,0.00020856068768047894,0.0010913552356126835
Lib1-mock-rep2,2.663376046411517e-05,0.00022271744661714029,0.0007408698553043587
WSN-HA-plasmid,4.491025805227906e-06,3.740228493369236e-05,0.00018457428156190488
